20日（今天）,晴,,28
21日（明天）,晴,37,28
22日（后天）,多云,36,27
23日（周三）,阵雨转中雨,35,26
24日（周四）,阵雨转多云,31,26
25日（周五）,阵雨转多云,32,26
26日（周六）,阵雨,32,25
21日（今天）,晴,37,28
22日（明天）,多云,36,27
23日（后天）,中雨,33,26
24日（周四）,阵雨,33,26
25日（周五）,阵雨转多云,33,26
26日（周六）,阵雨,32,25
27日（周日）,阵雨转多云,32,25
21日（今天）,晴,,28
22日（明天）,晴转多云,38,28
23日（后天）,中雨,35,27
24日（周四）,阵雨转多云,33,27
25日（周五）,阵雨转多云,34,26
26日（周六）,阵雨转多云,32,26
27日（周日）,阵雨转多云,33,26
21日（今天）,晴,,28
22日（明天）,晴转多云,38,28
23日（后天）,中雨,35,27
24日（周四）,阵雨转多云,33,27
25日（周五）,阵雨转多云,34,26
26日（周六）,阵雨转多云,32,26
27日（周日）,阵雨转多云,33,26
